{"train_loss": [0.06673298578739166, 0.052665678000450133, 0.04714638122081757, 0.043624429602622986, 0.04102039545536041, 0.03888609896659851, 0.03336895026922226, 0.031706373767852784, 0.03078086950778961, 0.03004430915117264, 0.02938692206144333, 0.028761881506443022, 0.027661628551483155, 0.02741834194660187, 0.02725581783771515, 0.027132606735229492, 0.027004117908477784, 0.027093243489265444, 0.026838612258434296, 0.02678055592298508], "train_acc": [51.132, 68.128, 73.678, 76.49, 78.488, 79.772, 85.36, 86.624, 87.624, 87.986, 88.458, 88.854, 89.858, 90.062, 90.246, 90.374, 90.554, 90.296, 90.626, 90.576], "valid_loss": [0.017900860285758973, 0.015735108691453933, 0.015330826711654663, 0.01673886458873749, 0.010781476730108262, 0.009525736439228058, 0.007353724300861358, 0.007127282629907131, 0.007028820934146643, 0.0067717544943094255, 0.006876645158231259, 0.006916992534697056, 0.006507932308316231, 0.006601236978173256, 0.00650314506739378, 0.006468073505163193, 0.0064246206685900685, 0.0066493651315569875, 0.006512224432826042, 0.006517224343121052], "valid_acc": [59.62, 63.67, 67.14, 65.5, 76.49, 79.72, 83.94, 84.49, 84.65, 85.18, 84.93, 85.1, 85.84, 85.6, 86.0, 86.08, 86.0, 85.5, 85.91, 85.89]}