{"train_loss": [0.0900622961614039], "train_acc": [7.972727272727273], "valid_loss": [0.015146126848278624], "valid_acc": [15.596969696969698], "lr_list": [0.0005, -1.8706691979117514e-05]}