{"train_loss": [0.09145930993711794, 0.07872730386411989, 0.07169575341955407, 0.06696486475560572, 0.0632779086472152, 0.060476277153213305, 0.05798220863589993, 0.055899028505597796, 0.053995782691162904, 0.0524245273788254, 0.050952642428410515, 0.04955547724141703, 0.048093614305768695, 0.04669197151877663, 0.04548156839841372, 0.044162648077134964, 0.042912502970014296, 0.041758315433155405, 0.040560358666754386, 0.03947816276550293, 0.0384373874416599, 0.03737206434274649, 0.03632726701513513, 0.03522014944893973, 0.03415552843391121, 0.03335774561027428, 0.03215704651622029, 0.03117593075393082, 0.03023384918485369, 0.02918758044924055, 0.028099488462720597, 0.027190089281503255, 0.02640371057584688, 0.025454524362242065, 0.02451805104837789, 0.023574397198565595, 0.022622596654024992, 0.021923295144910936, 0.021284436207313042, 0.020598853550948107, 0.020022878485840636, 0.019571349961417062, 0.019154838301918723, 0.01884424212691072, 0.018577154537300012, 0.018375405571677467, 0.0182002249445234, 0.018078809131275523, 0.01798154981414993, 0.01792488112387719], "train_acc": [6.8779220779220775, 16.47922077922078, 23.75194805194805, 29.124675324675323, 33.640259740259744, 37.19220779220779, 40.68961038961039, 43.3012987012987, 45.884415584415585, 48.114285714285714, 49.81428571428572, 52.02987012987013, 54.114285714285714, 55.86363636363637, 57.60649350649351, 59.715584415584416, 61.23246753246753, 63.137662337662334, 64.85844155844156, 66.43636363636364, 68.05324675324675, 69.54675324675324, 71.32597402597402, 73.21558441558442, 74.85974025974026, 76.23116883116883, 78.31428571428572, 79.85324675324675, 81.6077922077922, 83.15714285714286, 85.41948051948052, 86.77792207792209, 88.24545454545455, 89.95584415584416, 91.7987012987013, 93.38441558441558, 95.11168831168831, 96.23636363636363, 97.0909090909091, 98.11428571428571, 98.79220779220779, 99.21818181818182, 99.56103896103896, 99.74935064935065, 99.82467532467533, 99.84805194805195, 99.92207792207792, 99.93376623376624, 99.94415584415584, 99.96493506493506], "valid_loss": [0.016150747429240834, 0.01483792805671692, 0.013101086016857263, 0.012039120746381355, 0.01255734523859891, 0.012836739460627238, 0.011407257470217619, 0.010437665498617923, 0.009737733551950166, 0.01035301209941055, 0.010815852685408158, 0.010444401444810809, 0.010442505330750437, 0.00958302497141289, 0.009741812084660385, 0.00877487219102455, 0.009867642019734238, 0.009240571563894098, 0.009708789298028656, 0.009251016941937534, 0.0087927308660565, 0.009686751062219794, 0.009020000562523351, 0.008559883692047812, 0.009049262278007739, 0.00888746098316077, 0.009781878435250484, 0.009402194788961699, 0.009550894180933635, 0.009774966803464022, 0.009188904964562618, 0.00908123385183739, 0.009430708639549486, 0.009110980124184579, 0.009025547208208026, 0.009170379132935495, 0.008816306580196727, 0.009010975844932325, 0.008952537706404022, 0.008775287010452965, 0.008496516419179511, 0.008441901485125225, 0.008435859524842465, 0.008227758880817528, 0.008209148190238259, 0.008225285743222092, 0.008138309095845078, 0.008119342608885331, 0.008082810979900937, 0.00808511813842889], "valid_acc": [11.003030303030304, 15.360606060606061, 23.36969696969697, 28.366666666666667, 27.393939393939394, 27.175757575757576, 32.912121212121214, 37.63939393939394, 40.663636363636364, 37.79090909090909, 36.14848484848485, 38.987878787878785, 39.49393939393939, 43.15151515151515, 42.693939393939395, 46.736363636363635, 42.74848484848485, 46.43333333333333, 44.43030303030303, 45.43939393939394, 48.13333333333333, 45.49090909090909, 48.22727272727273, 50.56060606060606, 48.724242424242426, 50.57878787878788, 47.8969696969697, 49.087878787878786, 48.666666666666664, 48.987878787878785, 51.06666666666667, 51.52121212121212, 49.833333333333336, 51.60606060606061, 52.7, 53.07575757575758, 54.193939393939395, 53.77878787878788, 54.406060606060606, 55.596969696969694, 56.53333333333333, 57.24242424242424, 57.593939393939394, 58.14545454545455, 58.42424242424242, 58.79090909090909, 58.86969696969697, 59.027272727272724, 59.04242424242424, 59.18787878787879], "lr_list": [0.001, 0.001720191413000133, 0.002440382826000266, 0.003160574239000399, 0.003880765652000532, 0.004600957065000665, 0.005321148478000798, 0.006041339891000931, 0.006761531304001064, 0.007481722717001197, 0.00820191413000133, 0.008922105543001463, 0.009642296956001595, 0.009865914950166112, 0.009599514950166112, 0.009333114950166112, 0.009066714950166112, 0.008800314950166113, 0.008533914950166113, 0.008267514950166113, 0.008001114950166113, 0.007734714950166113, 0.007468314950166113, 0.007201914950166113, 0.006935514950166113, 0.006669114950166113, 0.006402714950166113, 0.006136314950166113, 0.005869914950166113, 0.005603514950166113, 0.005337114950166113, 0.005070714950166113, 0.004804314950166113, 0.004537914950166113, 0.004271514950166112, 0.004005114950166113, 0.003738714950166112, 0.003472314950166113, 0.0032059149501661123, 0.002939514950166113, 0.002673114950166113, 0.0024067149501661124, 0.0021403149501661133, 0.0018739149501661133, 0.0016075149501661133, 0.0013411149501661116, 0.0010747149501661134, 0.0008083149501661117, 0.0005419149501661134, 0.00027551495016611173]}