{"train_loss": [0.09209341108644163, 0.07928417636821797, 0.07253826423744103, 0.06766418496664468, 0.06414630842828131, 0.06104779374754274, 0.05846466006241836, 0.05612284254098868, 0.05415427259965377, 0.052414179455150256, 0.050741512273813225, 0.04925443230666123, 0.04776281476949717, 0.04651752163527848, 0.04512858891177487, 0.04385573081227092, 0.04279598307919193, 0.041564732811667705, 0.040351837009578555, 0.039125004124331786, 0.03786696201175838, 0.03658470951427113, 0.035292747200309456, 0.03388308691049551, 0.0325550096127894, 0.031028790412011086, 0.029352776719378186, 0.027730807620209533, 0.02616449838489681, 0.02483830264946083], "train_acc": [6.601298701298702, 16.009090909090908, 22.96883116883117, 28.45974025974026, 32.73506493506493, 36.78831168831169, 40.27662337662338, 43.18181818181818, 45.86103896103896, 48.10649350649351, 50.21948051948052, 52.385714285714286, 54.35454545454545, 56.06883116883117, 57.994805194805195, 59.920779220779224, 61.457142857142856, 63.188311688311686, 64.82597402597402, 66.85974025974026, 68.6974025974026, 70.7, 72.62467532467532, 75.05584415584416, 77.26883116883117, 79.93896103896104, 83.0051948051948, 86.19090909090909, 89.45454545454545, 92.43506493506493], "valid_loss": [0.017105827476039077, 0.014811471722342751, 0.014658473881808194, 0.013107215837998823, 0.012718572826096506, 0.014452610275962136, 0.010930115649194428, 0.011568690538406373, 0.010498460697405267, 0.010596616138111461, 0.010435744617924545, 0.009164688507715861, 0.0090802959095348, 0.010240101221835975, 0.009616794131018899, 0.00940179029378024, 0.008721663731517214, 0.008774072361714912, 0.009054545279705162, 0.0082702744548971, 0.008291301156535293, 0.008500911420041864, 0.008262881109208772, 0.008099594647234136, 0.008133463335759712, 0.007719470526232864, 0.007612232345523256, 0.007458845792394696, 0.007132525863069477, 0.006979419545693831], "valid_acc": [9.16969696969697, 17.10909090909091, 18.842424242424244, 24.651515151515152, 26.666666666666668, 23.703030303030303, 34.554545454545455, 32.70909090909091, 38.03636363636364, 38.28787878787879, 39.25151515151515, 44.127272727272725, 44.63636363636363, 41.903030303030306, 42.71212121212121, 44.56666666666667, 47.14242424242424, 46.833333333333336, 47.5030303030303, 49.63636363636363, 50.36363636363637, 50.03030303030303, 51.56363636363636, 52.515151515151516, 52.57575757575758, 54.57272727272727, 55.057575757575755, 55.93030303030303, 57.60909090909091, 58.35454545454545], "lr_list": [0.001, 0.002500831024930748, 0.0040016620498614965, 0.005502493074792245, 0.007003324099722992, 0.008504155124653742, 0.009998617109634551, 0.009582367109634551, 0.009166117109634551, 0.008749867109634551, 0.008333617109634551, 0.007917367109634551, 0.007501117109634551, 0.007084867109634551, 0.006668617109634551, 0.006252367109634551, 0.0058361171096345515, 0.0054198671096345515, 0.005003617109634552, 0.004587367109634551, 0.004171117109634552, 0.0037548671096345517, 0.003338617109634551, 0.002922367109634551, 0.002506117109634552, 0.00208986710963455, 0.001673617109634552, 0.001257367109634552, 0.0008411171096345503, 0.00042486710963455035]}