{"train_loss": [0.19929136907577516, 0.17430462978363037, 0.15846325370788575, 0.14375686533927917, 0.13363645270347596, 0.12440540190696717, 0.11772228673934937, 0.11307082054138183, 0.10916226548194885, 0.10629501700401306, 0.1044754337978363, 0.10399911046981812, 0.10270534935951232, 0.09006426203727722, 0.08503960141181946, 0.08281260368824005, 0.08085486930847167, 0.07942070815563201, 0.0777558971786499, 0.07695735141277313, 0.07547482982635498, 0.07457104333877564, 0.07380097247600556, 0.07003986428260803, 0.06850062699317933, 0.06752628630638123, 0.06776004062175751, 0.06721202471733093, 0.06664841396808624, 0.0665552018070221, 0.06633662302017213, 0.0655663233423233, 0.06554131212234497, 0.06542942298412323, 0.06477732770442962, 0.0647740726852417, 0.06457561055183411, 0.06401562107563019, 0.06382029959678649, 0.06335456039905549, 0.06301615633487702, 0.062240947222709654, 0.06258397572517395, 0.06241058744430542, 0.06188174804210663, 0.06228101409435272, 0.06220887834072113, 0.061929564142227174, 0.062099763498306274, 0.06225485348701477], "train_acc": [28.962, 39.098, 44.3, 50.422, 54.256, 58.158, 60.39, 61.834, 63.258, 64.256, 65.148, 65.28, 65.956, 73.212, 75.244, 75.934, 76.604, 76.664, 77.202, 77.43, 77.868, 77.896, 78.328, 80.35, 81.012, 81.432, 81.148, 81.604, 81.936, 81.808, 81.902, 82.148, 82.122, 81.976, 82.218, 82.394, 82.522, 82.886, 82.804, 83.13, 83.152, 83.694, 83.404, 83.432, 83.788, 83.674, 83.568, 83.894, 83.714, 83.696], "valid_loss": [0.025498167276382447, 0.023405565667152406, 0.020897489899396895, 0.018573844558000565, 0.01777692953944206, 0.02117593727707863, 0.01651032319664955, 0.016793311071395874, 0.014018761962652206, 0.012591922569274902, 0.013711736530065537, 0.012833636969327926, 0.014908504050970078, 0.007763799089193344, 0.007342700564861297, 0.007261162891983986, 0.007187511391937733, 0.00689752312451601, 0.007273086886107921, 0.00662048156298697, 0.006940607506036758, 0.006979768696427345, 0.0069185094952583315, 0.0058540863625705245, 0.005777213251590729, 0.005694605657458305, 0.005610356751084328, 0.005617289196699858, 0.005575014285743237, 0.0056313578054308895, 0.0055780983932316305, 0.005492168541997671, 0.005381404799222946, 0.0053253400728106495, 0.005318197435885668, 0.0054378687046468255, 0.005252589748799801, 0.005262051762640476, 0.0053275237932801246, 0.005313148018717766, 0.005183760173618794, 0.005002233580499888, 0.005060089537501335, 0.005193515991792083, 0.005006379833072424, 0.0050916650347411635, 0.005062482510507107, 0.004974466907233, 0.005151654449105263, 0.005067286255955696], "valid_acc": [40.2, 44.38, 52.51, 57.47, 60.98, 56.5, 66.08, 64.67, 70.15, 72.93, 71.16, 71.77, 68.67, 82.69, 83.73, 83.94, 84.52, 85.13, 84.25, 85.57, 85.48, 84.9, 85.18, 87.51, 87.41, 87.57, 87.78, 87.92, 87.93, 87.98, 88.15, 88.23, 88.29, 88.49, 88.55, 88.18, 88.79, 88.71, 88.74, 88.83, 88.97, 89.17, 89.18, 88.91, 89.36, 89.22, 89.31, 89.48, 89.05, 89.38]}