{"train_loss": [0.019091158742904662, 0.014341969060897828, 0.011964232854843139, 0.010863709478378296, 0.009844516830444336, 0.00948129638671875, 0.008571758217811585, 0.007948458933830262, 0.00758564453125, 0.007118820290565491, 0.0068979846858978275, 0.00649944088935852, 0.006379615106582642, 0.006249510765075684, 0.00599081356048584, 0.005833381843566895, 0.005648581395149231, 0.005493313136100769, 0.005349608383178711, 0.005202396340370178, 0.005066915340423584, 0.004998540959358215, 0.004881750831604004, 0.00478555739402771], "train_acc": [37.526, 56.58, 67.796, 73.168, 77.656, 79.798, 83.13, 85.352, 86.844, 88.73, 89.662, 91.004, 91.802, 92.286, 93.234, 93.854, 94.728, 95.514, 96.11, 96.692, 97.342, 97.496, 98.096, 98.462], "valid_loss": [0.0027145855069160463, 0.0019355065822601319, 0.002538020122051239, 0.0016574928164482118, 0.0025760563373565673, 0.0015550706267356872, 0.0011603532999753953, 0.0014083856463432312, 0.000887126225233078, 0.0009308802485466003, 0.0009746586918830872, 0.0009237318247556686, 0.0008202068865299225, 0.0009913240790367127, 0.0009048831522464752, 0.0008575697988271714, 0.0007666839957237244, 0.0007331233590841293, 0.0007183187663555145, 0.0007574137449264526, 0.0007329970687627792, 0.00074130317568779, 0.000689798691868782, 0.0006646950200200081], "valid_acc": [50.78, 65.99, 63.85, 72.94, 65.58, 76.59, 81.63, 79.95, 85.32, 85.17, 85.45, 86.16, 87.01, 85.25, 86.87, 87.93, 88.78, 89.29, 89.22, 89.41, 89.51, 89.98, 90.68, 90.9], "lr_list": [0.001, 0.0028065774165533294, 0.004613154833106659, 0.006419732249659988, 0.008226309666213318, 0.009991380643166358, 0.009517895794681508, 0.00904441094619666, 0.008570926097711812, 0.008097441249226964, 0.007623956400742114, 0.007150471552257266, 0.006676986703772418, 0.006203501855287568, 0.00573001700680272, 0.005256532158317871, 0.004783047309833024, 0.004309562461348174, 0.003836077612863327, 0.0033625927643784774, 0.00288910791589363, 0.0024156230674087804, 0.0019421382189239323, 0.0014686533704390842]}