{"train_loss": [0.1954811526298523, 0.17355334300994874, 0.15789837862014772, 0.1466670795726776, 0.13738510065078735, 0.1308090750980377, 0.12559853107452393, 0.12074249289512634, 0.11687058232307435, 0.1133040878200531, 0.11027507556915284, 0.10705991805076599, 0.10449832430839538, 0.10247596987724304, 0.1008350908279419, 0.09854175860404968, 0.09707610221862793, 0.09553184792518615, 0.0951085322189331, 0.09331707746505738, 0.09271244861602783, 0.08146403696537018, 0.07790545411586762, 0.076074588971138, 0.07464264757156372, 0.073881356716156, 0.07260521120548248, 0.07137059916496277, 0.07079752611637115, 0.06967575403213501, 0.06932618661880494, 0.0685002511882782, 0.06772117254257203, 0.06747510591983795, 0.06651205907344818, 0.06457372950077057, 0.06342366244792938, 0.06301881915569306, 0.062300839881896976, 0.06244246903896332, 0.06196950833320618, 0.0618559144449234, 0.06185508460998535, 0.06151822923660279, 0.06137030923366547, 0.0606427609205246, 0.06112405920982361, 0.06072639669895172, 0.06037599843978882, 0.06064989276885986], "train_acc": [30.776, 42.25, 50.342, 55.462, 59.738, 62.11, 63.982, 65.468, 66.298, 67.244, 68.14, 68.996, 69.744, 70.434, 70.602, 71.194, 71.872, 72.04, 72.006, 72.652, 72.774, 79.006, 80.654, 81.258, 81.718, 81.886, 82.386, 82.766, 82.946, 83.128, 83.078, 83.226, 83.624, 83.58, 83.768, 84.854, 85.54, 85.714, 86.22, 85.826, 86.148, 86.14, 86.23, 86.362, 86.248, 86.712, 86.434, 86.564, 86.78, 86.548], "valid_loss": [0.025310228633880615, 0.024233312010765076, 0.020634227764606477, 0.0160154314160347, 0.0144692522585392, 0.014923302489519119, 0.013367412939667702, 0.01205595595240593, 0.012968533727526665, 0.011696556541323662, 0.012507166332006454, 0.011764580309391022, 0.011376367983222007, 0.01061805983185768, 0.010147719079256058, 0.010516932192444801, 0.00887293230742216, 0.012176539587974548, 0.011185805250704289, 0.010910428044199944, 0.010880174344778061, 0.00617213976085186, 0.0062135884031653404, 0.006172620312869549, 0.005744958053529262, 0.005849343514442444, 0.00567721297442913, 0.005780974087119102, 0.00595202199742198, 0.005749622103571892, 0.00560547484010458, 0.005697413235902786, 0.005849033487588167, 0.006086960147321224, 0.005641744344681501, 0.005249453826993704, 0.005098025207221508, 0.005123619489371777, 0.005210482256859541, 0.005059733809903264, 0.005094358202069998, 0.005165133249014616, 0.005169055356085301, 0.005035868486762047, 0.005093443658947944, 0.005134577042609453, 0.005143195240944624, 0.005139440811425447, 0.005063113161176443, 0.005182071137428284], "valid_acc": [41.18, 48.13, 53.44, 64.06, 68.24, 68.23, 71.44, 74.25, 71.98, 73.87, 72.59, 75.11, 75.76, 77.24, 78.15, 77.18, 80.49, 74.87, 76.75, 77.5, 77.04, 86.52, 86.66, 87.01, 87.88, 87.84, 87.88, 87.67, 87.43, 87.83, 88.09, 87.82, 87.81, 87.42, 88.61, 89.22, 89.27, 89.37, 89.22, 89.53, 89.51, 89.22, 89.44, 89.8, 89.59, 89.42, 89.66, 89.52, 89.78, 89.6]}