{"train_loss": [0.11245830975532532, 0.08320250172615051, 0.07065366144180298, 0.06359961088180542, 0.05897315538883209, 0.05567793935775757, 0.0527106064748764, 0.05054345019817352, 0.04830807673454285, 0.046722494587898254, 0.045557013130187986, 0.04414100495815277, 0.04281858140945435, 0.042059583745002745, 0.041122316272258756, 0.040511179270744324, 0.03961664965629578, 0.03860288656711578, 0.03778402353048325, 0.03728119094848633, 0.03658453822135925, 0.03621280787229538, 0.035908893718719484, 0.03548966598510742, 0.03464860059261322, 0.03449106478214264, 0.033663065683841704, 0.03334234538078308, 0.03312427305698395, 0.03272547163009643, 0.03244347011089325, 0.03203145093202591, 0.031874242651462555, 0.0315567205452919, 0.031471750898361205, 0.028357298963069915, 0.027421752412319183, 0.02681004398584366, 0.026693443825244904, 0.026445076014995576, 0.026395684282779695, 0.026371206958293914, 0.02626525498390198, 0.025766516284942628, 0.025953483300209045, 0.025862059228420258, 0.02576198606491089, 0.025730332548618316, 0.025693307485580446, 0.025386112682819366], "train_acc": [46.922, 64.87, 72.31, 76.578, 79.152, 80.988, 82.71, 83.922, 85.282, 86.14, 86.712, 87.446, 88.022, 88.576, 89.172, 89.516, 89.956, 90.65, 91.148, 91.23, 91.682, 92.018, 92.196, 92.278, 92.92, 93.026, 93.326, 93.598, 93.714, 93.854, 94.09, 94.152, 94.376, 94.46, 94.542, 96.456, 96.932, 97.296, 97.384, 97.528, 97.528, 97.598, 97.616, 97.91, 97.76, 97.86, 97.886, 97.954, 97.908, 98.096], "valid_loss": [0.020743711560964585, 0.019361686104536056, 0.010305007869005203, 0.010002350145578385, 0.008946483005583285, 0.0091135960906744, 0.007347303651273251, 0.007145179034769535, 0.0081798593044281, 0.007786127470433712, 0.006079745925962925, 0.0059667846426367755, 0.005817752693593502, 0.0062895479887723925, 0.0065633055262267585, 0.005815044088661671, 0.005719075165688992, 0.00685903711989522, 0.0055311956092715265, 0.006416410183161497, 0.005424753946065903, 0.005181042159348726, 0.005573746235668659, 0.005397064707428217, 0.005732738535106182, 0.006193625014275312, 0.005309895657747984, 0.006088040399178863, 0.0050744099535048005, 0.006164153955876827, 0.0060147493321448565, 0.00564666526466608, 0.005132129545882345, 0.005635187187045813, 0.005288577913492918, 0.004108861160976812, 0.004106010674498975, 0.004192883314564824, 0.004160632509924472, 0.004156262525450438, 0.004280540078692138, 0.00421048745373264, 0.004267940315231681, 0.00423116931989789, 0.004217849741317331, 0.004301500309573021, 0.0043427338396199045, 0.004332057474926114, 0.004323847668897361, 0.004393273844197392], "valid_acc": [55.45, 61.96, 78.14, 78.48, 81.19, 80.5, 84.48, 84.65, 82.53, 84.38, 87.21, 87.48, 87.99, 86.97, 86.69, 87.97, 88.42, 87.21, 88.8, 87.82, 89.27, 89.87, 88.6, 89.43, 89.16, 88.31, 89.88, 88.81, 90.17, 89.17, 89.36, 89.64, 90.95, 90.03, 90.41, 92.39, 92.59, 92.73, 92.68, 92.79, 92.86, 92.83, 92.9, 92.87, 92.89, 92.84, 92.88, 92.85, 93.02, 92.94]}