{"train_loss": [0.18960943077087403, 0.17260996820449828, 0.16132793397903442, 0.15319664865493773, 0.14789654664039611, 0.14349506644248963, 0.1405232775592804, 0.13748188738822936, 0.13479242672920227, 0.13301981419563294, 0.13086717487335206, 0.12885863540649414, 0.12690954089164733, 0.1258754626750946, 0.12453269466400146, 0.12329944156646729, 0.12229424697875976, 0.12099515832901, 0.11974763481140137, 0.1182425764656067, 0.1170432258605957, 0.1166593543624878, 0.11523305435180664, 0.11475748405456543, 0.11345684785842895, 0.11296953472137451, 0.11198973350524902, 0.1109568716430664, 0.11035713536262512, 0.10951284979820251, 0.1086799928188324, 0.10790520600318909, 0.10734603049278259, 0.10605392665863037, 0.10598922709465027, 0.10027690553665161, 0.09843761787414551, 0.0973771489906311, 0.09702145835876465, 0.09684569459915161, 0.09634944132804871, 0.09607255042076111, 0.0958209972190857, 0.09560733498573304, 0.09515906476020813, 0.09477216154098511, 0.0947887030506134, 0.0946377910232544, 0.09455770723342896, 0.09400308925628661], "train_acc": [34.432, 45.29, 52.034, 57.288, 60.026, 62.436, 64.27, 65.594, 66.884, 67.93, 68.954, 70.09, 70.672, 71.3, 71.756, 72.44, 72.626, 73.39, 73.98, 74.724, 75.126, 75.288, 75.906, 75.83, 76.306, 76.496, 76.798, 77.04, 77.344, 77.772, 78.1, 78.416, 78.314, 78.898, 78.922, 81.884, 83.184, 83.698, 83.734, 83.878, 84.108, 84.258, 84.238, 84.438, 84.684, 84.618, 84.85, 84.788, 84.744, 84.936], "valid_loss": [0.021063638639450072, 0.021868913304805757, 0.018088409566879272, 0.01528028855919838, 0.012528232577443123, 0.01278658236861229, 0.01643252626657486, 0.012704397225379943, 0.011528123027086258, 0.010984613880515099, 0.010609629733860492, 0.009483703264594079, 0.009938735044002533, 0.009830062054097652, 0.010002815914154053, 0.010344018384814262, 0.008258513461053371, 0.010250996705889703, 0.007963745138049125, 0.008453152704238891, 0.008809942537546158, 0.008688698713481427, 0.00939262596666813, 0.00876007785499096, 0.007713401979207992, 0.007147161990404129, 0.008075714135169982, 0.00792264323681593, 0.007297594946622849, 0.008193094281852246, 0.007870721784234046, 0.006740183266997338, 0.008034751172363758, 0.007290703149139881, 0.007341924849152565, 0.005417945133894682, 0.005380206963419914, 0.005319764893874526, 0.005444472451508045, 0.005528820101171732, 0.005551543029770255, 0.005296313641220332, 0.005262741824984551, 0.005378806896880269, 0.005361221511662006, 0.0054242185033857825, 0.005318947144970298, 0.005217111625522375, 0.00519099913276732, 0.005274010191112757], "valid_acc": [51.47, 51.99, 62.61, 68.42, 72.16, 73.01, 66.07, 73.52, 75.13, 76.95, 77.9, 80.12, 79.03, 80.09, 80.14, 79.68, 82.3, 79.34, 82.88, 82.79, 82.44, 82.66, 81.75, 82.84, 84.32, 84.95, 83.96, 83.4, 84.9, 83.8, 84.04, 86.6, 84.36, 85.15, 85.36, 88.9, 89.0, 89.2, 88.91, 88.62, 88.95, 89.56, 89.39, 89.32, 89.52, 89.18, 89.55, 89.57, 89.9, 89.73]}