{"train_loss": [0.06558276787757873, 0.057475013723373415, 0.05228166632652283, 0.0484318886756897, 0.045933880615234374, 0.04366762845993042, 0.04226821294784546, 0.04071240943908691, 0.0398032559633255, 0.038663727588653565, 0.037924527759552004, 0.03721143409729004, 0.03642642253398895, 0.03556677670478821, 0.035278673334121706, 0.034675641131401064, 0.0340042366695404, 0.0337407124042511, 0.03343586217403412, 0.032919386525154117, 0.032409479079246524, 0.032128040008544925, 0.03227702199459076, 0.031267183365821835, 0.03136223682403565, 0.030998713221549987, 0.030815148334503172, 0.03076617090702057, 0.03000710837841034, 0.030216738700866698, 0.029720656690597536, 0.029402122993469237, 0.029194499645233154, 0.02918516224861145, 0.028981967844963073, 0.026718675594329833, 0.026207929577827454, 0.02588993417263031, 0.02568498474597931, 0.025660164217948915, 0.025723248143196105, 0.02528858497619629, 0.02528460630893707, 0.025368123326301575, 0.025302528414726258, 0.025329815917015077, 0.02510176323890686, 0.02515600510597229, 0.024874779210090636, 0.02490058853626251], "train_acc": [35.282, 45.874, 52.406, 57.154, 60.21, 62.814, 64.306, 66.338, 67.274, 68.792, 69.434, 70.202, 71.082, 71.988, 72.61, 72.974, 74.296, 73.99, 74.522, 75.142, 75.784, 76.076, 76.008, 77.092, 76.712, 77.536, 77.59, 77.808, 78.458, 78.26, 78.722, 79.008, 79.404, 79.482, 79.654, 82.17, 82.93, 83.278, 83.348, 83.38, 83.344, 84.034, 83.598, 83.746, 83.732, 83.882, 83.984, 84.024, 84.422, 84.134], "valid_loss": [0.011413994145393371, 0.009837835091352463, 0.008552762407064438, 0.009741688376665116, 0.006483866554498672, 0.0077565317153930665, 0.005651083737611771, 0.006151111215353012, 0.0057964749187231065, 0.005737307250499726, 0.005543373376131058, 0.00482678305208683, 0.005486633175611496, 0.004491658282279968, 0.004349049252271652, 0.005218997010588646, 0.00401014146655798, 0.004822435995936394, 0.004648016813397407, 0.004058048346638679, 0.004107023437321186, 0.003729118970036507, 0.0041235659569501875, 0.004949797123670578, 0.004298013457655907, 0.004014216122031212, 0.003493817134201527, 0.004854846209287643, 0.004008659009635448, 0.003416105504333973, 0.004283209255337715, 0.0033082170024514197, 0.003972075738012791, 0.0032621411934494974, 0.00314463944286108, 0.002580516593158245, 0.0025309158474206925, 0.002507617059350014, 0.0025411361202597616, 0.002610118268430233, 0.0025527632519602777, 0.0025714939326047896, 0.0025349843218922617, 0.0024696373701095582, 0.002556632652878761, 0.002473947699368, 0.002541795401275158, 0.002519453886151314, 0.002447468528151512, 0.002489060232043266], "valid_acc": [47.63, 56.01, 63.76, 57.81, 71.38, 68.07, 75.24, 73.97, 75.9, 75.94, 76.64, 79.51, 76.55, 81.14, 81.91, 78.86, 82.59, 79.41, 81.08, 82.68, 83.19, 84.57, 83.14, 80.99, 82.73, 82.79, 85.36, 81.34, 84.33, 85.69, 82.54, 86.4, 84.45, 86.09, 87.09, 89.08, 89.24, 89.37, 89.46, 89.32, 89.23, 89.34, 89.47, 89.84, 89.3, 89.62, 89.47, 89.76, 89.77, 89.84]}