{"train_loss": [0.17953740036010743, 0.14811482058525086, 0.1312567439174652, 0.12055183982849121, 0.11304821318626404, 0.10715765441894531, 0.10225452622413635, 0.09794686014175415, 0.09427583420753478, 0.09089964052200318, 0.08798619798660279, 0.08558484148979187, 0.08306965708255767, 0.08129816347122193, 0.07901450202465057, 0.06859717364788055, 0.0649513452577591, 0.06335978085041045, 0.061641833233833314, 0.0603746333360672, 0.059405140981674195, 0.05862774323940277, 0.05744272008895874, 0.056440321741104124, 0.05555475606918335, 0.05485143833637238, 0.05412499607086182, 0.05333267733097077, 0.05239745207309723, 0.05187450013637543, 0.050057004313468934, 0.049197479400634764, 0.04892541664123535, 0.04883234314918518, 0.048506062240600584, 0.048461716084480286, 0.04838863332271576, 0.04819817815303803, 0.04784782043457031, 0.047821316809654235, 0.04759026302337647, 0.04756179226398468, 0.047420728302001953, 0.0471713594865799, 0.04706683398246765, 0.0471679776096344, 0.04677036792755127, 0.04697788145542145, 0.04669275285720825, 0.04681319053649902], "train_acc": [40.84, 58.444, 67.39, 72.392, 75.442, 77.314, 78.65, 79.994, 80.604, 81.442, 82.254, 82.784, 83.284, 83.514, 84.206, 89.722, 91.31, 91.816, 92.396, 92.79, 92.964, 92.948, 93.488, 93.584, 93.876, 93.972, 94.258, 94.358, 94.58, 94.79, 95.584, 96.172, 96.256, 96.264, 96.42, 96.378, 96.46, 96.4, 96.664, 96.63, 96.62, 96.688, 96.7, 96.904, 96.916, 96.734, 97.046, 96.868, 97.068, 97.014], "valid_loss": [0.026282308888435364, 0.014898164415359497, 0.012344395810365677, 0.011622216787934304, 0.010318489703536033, 0.011764658087491988, 0.008997355388104915, 0.007896417686343193, 0.007999248093366622, 0.00794440542459488, 0.00754798946082592, 0.00842875532656908, 0.009114416643977165, 0.0074698157504200936, 0.007999353750050068, 0.004659674420207739, 0.004504885914921761, 0.00442982662729919, 0.004447844148427248, 0.004372985760122537, 0.004382744454592466, 0.004502817238122225, 0.004385029198601842, 0.004450672034919262, 0.004435508214682341, 0.004324576319009066, 0.004447256312519312, 0.004352280228585005, 0.004347954487800598, 0.004488794809579849, 0.004043956795334816, 0.0040223005622625355, 0.003994638268649578, 0.003961640470661223, 0.004016771077737212, 0.004078785037621856, 0.004027179900929332, 0.0040468923263251785, 0.0040437763124704365, 0.004004388348385692, 0.003949317879974842, 0.004002952417731285, 0.003972970565967262, 0.004042304652743042, 0.004011812522262335, 0.003985037259012461, 0.003975210760906339, 0.0040047500286251305, 0.003964690805599093, 0.003990466387569904], "valid_acc": [43.51, 67.23, 72.88, 73.98, 77.34, 75.24, 80.65, 83.22, 83.05, 83.06, 83.7, 82.31, 81.63, 83.86, 82.81, 89.94, 90.4, 90.33, 90.63, 90.57, 90.7, 90.49, 90.87, 90.35, 90.66, 91.03, 90.92, 90.73, 91.28, 90.82, 91.94, 91.91, 91.88, 92.17, 91.91, 91.75, 92.09, 91.84, 91.77, 92.02, 92.09, 91.86, 91.81, 91.87, 91.91, 91.99, 92.03, 92.0, 91.98, 92.03]}