{"train_loss": [0.11324280166625976], "train_acc": [46.418], "valid_loss": [0.021790721714496614], "valid_acc": [53.26]}