{"train_loss": [0.1113517557668686, 0.08148281027793884, 0.06915374076843261, 0.0626367667388916, 0.058350507535934446, 0.05514464595794678, 0.052161108655929565, 0.05017720501422882, 0.04785420062541962, 0.0467148858165741, 0.04478227265357971, 0.04389923757076263, 0.042871743540763854, 0.04181988639354706, 0.0407539878988266, 0.04012219245672226, 0.0391906102848053, 0.03838180906772613, 0.037786580169200897, 0.037050112388134, 0.03628919291257858, 0.03574021670103073, 0.035568242189884185, 0.03465697828054428, 0.034518777894973755, 0.0340294099521637, 0.033512622423171996, 0.03330974300146103, 0.0329162442445755, 0.03268996008396149, 0.03202407977819443, 0.03186302322626114, 0.03158495477437973, 0.030958636696338655, 0.031080708620548247, 0.02811026317834854, 0.027150846083164214, 0.02680218130350113, 0.02656136003255844, 0.026495225462913514, 0.026468453221321107, 0.026085895612239837, 0.025896929705142974, 0.02585617565870285, 0.026079287049770354, 0.025717926890850066, 0.025685871782302857, 0.02554182988643646, 0.025663664259910582, 0.025576736619472504], "train_acc": [47.186, 65.922, 72.992, 77.1, 79.25, 81.428, 83.166, 84.002, 85.408, 86.066, 87.102, 87.464, 88.202, 88.77, 89.414, 89.694, 90.242, 90.636, 91.176, 91.568, 91.98, 92.182, 92.278, 92.862, 92.822, 93.16, 93.354, 93.558, 93.67, 93.96, 94.292, 94.388, 94.594, 94.936, 94.748, 96.556, 97.184, 97.304, 97.472, 97.546, 97.43, 97.718, 97.842, 97.804, 97.668, 97.864, 97.896, 97.984, 97.898, 98.036], "valid_loss": [0.017157839316129686, 0.013670447868108749, 0.010683541557192802, 0.01065389224588871, 0.009152453529834747, 0.008856593284010887, 0.007758297348022461, 0.008215667685866356, 0.006478754235431552, 0.006553471714258194, 0.006519802505522966, 0.006522605623304844, 0.005902788267284632, 0.0056614262957125905, 0.005597411589324475, 0.006319255501031876, 0.007269218337535858, 0.006424868609756231, 0.006018449395895005, 0.005810874481499195, 0.006025668394565582, 0.005465070601552725, 0.0057498990662395956, 0.006363384740054608, 0.005361718813329935, 0.005670467352122069, 0.004715820055827499, 0.004899243032932281, 0.005092562996596098, 0.005879653624072671, 0.005211089273542166, 0.004686371746473014, 0.004514868391677737, 0.004980169180035591, 0.004958918999880552, 0.003907965908758342, 0.0039042496964335443, 0.0038366974499076606, 0.003903491052798927, 0.004040598373301328, 0.003942932682856917, 0.003895031504146755, 0.003944756965478882, 0.0039551160547183824, 0.0039718489887192844, 0.003924616496451199, 0.0038740470815449954, 0.003952112846262753, 0.003998288018256426, 0.003964171846478712], "valid_acc": [61.56, 70.3, 77.27, 77.57, 79.62, 81.52, 83.48, 83.02, 86.59, 85.89, 86.78, 86.7, 87.63, 88.12, 88.61, 87.33, 86.12, 87.51, 88.74, 88.78, 88.63, 89.36, 89.03, 88.7, 89.87, 89.42, 90.84, 90.89, 90.37, 89.2, 90.67, 91.02, 91.5, 91.32, 91.59, 92.95, 93.02, 93.12, 92.97, 93.16, 93.14, 93.18, 93.08, 93.28, 93.23, 93.27, 93.31, 93.32, 93.15, 93.44]}