{"train_loss": [0.1108160267829895, 0.08261291738510132, 0.0699472906446457, 0.06330442990779876, 0.05857410998821259, 0.05488890273571014, 0.05256358211517334, 0.05033378319263458, 0.04846249147891998, 0.04651975736141205, 0.045261319942474364, 0.043735614085197445, 0.042985737738609316, 0.0416402049946785, 0.040875692901611325, 0.0398295677280426, 0.03931739207744599, 0.03859815189599991, 0.037752952914237976, 0.03733806938171387, 0.03693213055372238, 0.035821415419578555, 0.03553670359373093, 0.03520970571994782, 0.0345207990527153, 0.03408162237167359, 0.03356657084226608, 0.03309720400810242, 0.03328150594711304, 0.0324097798538208, 0.03215226224899292, 0.03168681158542633, 0.031995331711769104, 0.03192961944103241, 0.03126232223510742, 0.02848629306554794, 0.027376853277683258, 0.026865345287322998, 0.026845419137477875, 0.02656331825017929, 0.026456063258647917, 0.02619683706045151, 0.02606789136171341, 0.02618210783481598, 0.026024645984172822, 0.025796188495159147, 0.025748047573566437, 0.02589358359336853, 0.025578992161750795, 0.025561252374649047], "train_acc": [47.722, 65.042, 72.952, 76.676, 79.524, 81.23, 82.76, 84.13, 85.034, 86.126, 86.886, 87.728, 88.296, 88.924, 89.436, 89.974, 90.354, 90.566, 90.99, 91.252, 91.562, 92.032, 92.336, 92.57, 92.82, 93.054, 93.382, 93.664, 93.606, 94.076, 94.122, 94.526, 94.26, 94.314, 94.732, 96.336, 97.038, 97.28, 97.3, 97.418, 97.558, 97.692, 97.68, 97.662, 97.77, 97.904, 97.846, 97.82, 98.036, 97.98], "valid_loss": [0.01895314875245094, 0.016133954423666, 0.011349013686180114, 0.00974419735968113, 0.010228546306490898, 0.007966279037296771, 0.008300016802549362, 0.0077256046056747435, 0.00685026983320713, 0.006995747826993465, 0.00729821318462491, 0.006409159201383591, 0.00593242769241333, 0.007380732316523791, 0.006578080500662327, 0.005273791754990816, 0.005935029248148203, 0.005288430110365152, 0.00585917222648859, 0.005757216311991215, 0.0053025944225490096, 0.005272608330845833, 0.005129875546693802, 0.006031608226150275, 0.00484124461337924, 0.004855781107395887, 0.005170800287649035, 0.005303922609984875, 0.004836284037027508, 0.005521568067371845, 0.005306066402047872, 0.005360930297523737, 0.005232975096255541, 0.004901495375111699, 0.005328208615258336, 0.0039813954934477805, 0.0038176072146743536, 0.0038529459085315464, 0.0038180887401103973, 0.003944617223180831, 0.003836439960449934, 0.003926829751208424, 0.0038534986851736903, 0.0038686790369451044, 0.003925155196199194, 0.0038843178059905768, 0.003926558314077556, 0.0038850600525736807, 0.003962786298058927, 0.0039946342376992105], "valid_acc": [57.73, 66.34, 74.97, 78.99, 78.68, 83.22, 82.63, 83.93, 85.63, 85.66, 84.68, 86.91, 87.53, 85.59, 86.64, 88.97, 88.04, 89.04, 87.93, 88.32, 89.54, 89.48, 89.67, 88.2, 89.74, 90.25, 89.64, 90.24, 90.48, 89.89, 90.16, 90.31, 90.51, 90.99, 90.78, 92.78, 92.8, 92.96, 93.05, 92.89, 93.02, 92.84, 93.27, 93.14, 93.1, 93.06, 93.17, 93.12, 93.09, 93.17]}