{"train_loss": [0.20616629871368408, 0.17879176275253295, 0.161325927028656, 0.14712346460342407, 0.13619318801879882, 0.12707709856986998, 0.11916274207115174, 0.11428825763702392, 0.10941170106887817, 0.10718925310134887, 0.10492278458595276, 0.10377528758049011, 0.1029943288230896, 0.10271424654960633, 0.10212757403373718, 0.10117766771316529, 0.10094160312652588, 0.1010289680480957, 0.08819680382728577, 0.08411982757568359, 0.08193914798259735, 0.08006597148895264, 0.07866837119102478, 0.07732590190410614, 0.07608655528068542, 0.07554848938465118, 0.07423298387050628, 0.07364207601070404, 0.07264622278690339, 0.07201162360191345, 0.07124868514060974, 0.06815131118297577, 0.0668104788684845, 0.0661952888917923, 0.06640198016166687, 0.06504530987262726, 0.06526230858802795, 0.0646954136610031, 0.06456676287174225, 0.0642181484413147, 0.06392764119148255, 0.06398548978805542, 0.06367380393505097, 0.06339397953987122, 0.0634807492685318, 0.06304986459255219, 0.06306536078453064, 0.06264093323230743, 0.06254124404430389, 0.06216340881347656], "train_acc": [27.456, 37.528, 43.73, 48.458, 51.948, 55.806, 58.668, 60.606, 62.634, 63.232, 64.164, 64.74, 65.556, 65.764, 66.478, 67.144, 67.272, 67.578, 74.77, 76.19, 77.258, 77.558, 77.936, 78.214, 78.482, 78.268, 78.722, 78.674, 79.308, 79.358, 79.604, 81.288, 81.87, 82.228, 81.934, 82.782, 82.522, 82.78, 82.798, 83.096, 83.116, 82.986, 83.068, 83.344, 83.348, 83.6, 83.508, 83.606, 83.67, 83.928], "valid_loss": [0.025643826603889464, 0.024029937100410462, 0.020907330465316773, 0.020882426857948302, 0.019177374631166456, 0.018322469013929366, 0.01608999924659729, 0.014220705896615981, 0.012993490460515022, 0.012565831324458123, 0.013366894233226775, 0.012310093650221825, 0.01279179638326168, 0.015513666176795959, 0.011862486988306045, 0.011943301701545716, 0.013423626554012299, 0.012319736093282699, 0.00741385143250227, 0.007071433347463608, 0.0072567099198699, 0.006888947494328022, 0.006933389623463154, 0.006691208826005459, 0.006429584150016308, 0.00665005204975605, 0.006812393716722727, 0.006408652170002461, 0.006706112213432789, 0.006529526779055595, 0.00652639329135418, 0.005775635795295239, 0.005582955688983202, 0.005454889082908631, 0.0055948418095707894, 0.0055763960734009745, 0.005421315280348063, 0.005447506172955036, 0.005410787979513406, 0.005264319606870413, 0.0053949364133179184, 0.005407240159809589, 0.005326991682499647, 0.005249989489465952, 0.005221887595206499, 0.005338594998419285, 0.005355676986277104, 0.005183973338454962, 0.005301091890782118, 0.005341262980550527], "valid_acc": [40.45, 44.02, 52.37, 55.03, 57.07, 60.58, 65.16, 68.47, 71.31, 72.33, 71.02, 73.06, 71.93, 68.62, 74.65, 73.91, 71.53, 73.47, 83.6, 84.63, 84.55, 85.16, 84.96, 85.32, 85.76, 85.99, 85.18, 86.25, 86.03, 86.2, 85.97, 87.74, 87.84, 88.23, 87.92, 88.15, 88.48, 88.02, 88.42, 88.93, 88.54, 88.6, 88.65, 88.77, 88.82, 88.65, 88.64, 88.95, 88.67, 88.67]}