{"train_loss": [0.1962831031227112, 0.1756701019859314, 0.16239222272872925, 0.1520866142654419, 0.14351069185256957, 0.13617407791137695, 0.13007098439216613, 0.12492601149559021, 0.1210459231376648, 0.1168238884449005, 0.11446503030776978, 0.11112706377029419, 0.1087274864578247, 0.10677475373268128, 0.10455707581520081, 0.09336554786682129, 0.08958711439132691, 0.08758276236534118, 0.08650975332260132, 0.08533296840667724, 0.08422687566757202, 0.08293034781932832, 0.0820925078344345, 0.08121680114269257, 0.08046508815765381, 0.07951393329143525, 0.07864336981773376, 0.07788686928749085, 0.07752664162158966, 0.07663862905979156, 0.07391013038158417, 0.0728877092218399, 0.0725084098148346, 0.07227120378017425, 0.07205443639755249, 0.07177192632675171, 0.07112209013462066, 0.07132746500015259, 0.0712025552368164, 0.07108040843486786, 0.07086556447982788, 0.07037931264877319, 0.0711854511642456, 0.07014152319431305, 0.07009066560745239, 0.06968751072406769, 0.06981139646530152, 0.06966384310245514, 0.06933552788257599, 0.06983790233612061], "train_acc": [30.368, 40.956, 47.356, 51.818, 55.37, 58.452, 60.668, 62.274, 63.42, 64.736, 65.448, 66.244, 66.912, 67.098, 67.914, 73.726, 75.486, 76.108, 76.318, 76.866, 77.106, 77.536, 77.772, 77.918, 78.034, 78.46, 78.626, 78.88, 78.862, 79.224, 80.462, 81.308, 81.228, 81.53, 81.412, 81.702, 81.824, 81.7, 81.596, 81.642, 82.046, 81.862, 81.696, 82.144, 82.216, 82.306, 82.208, 82.38, 82.57, 82.27], "valid_loss": [0.02401215054988861, 0.021529328465461732, 0.021473596036434173, 0.017202446085214616, 0.014950769931077957, 0.013973507845401764, 0.015113827681541443, 0.013008334550261498, 0.011390737065672875, 0.0126089220225811, 0.012378094696998597, 0.011120911890268325, 0.010234801971912384, 0.010772756057977676, 0.012823798534274101, 0.007073655377328396, 0.00664168107137084, 0.0066394187569618224, 0.006452019482851028, 0.006397552049160003, 0.0064993693277239795, 0.006575154049694538, 0.006439292116463185, 0.006070951859652996, 0.006043030726909637, 0.006044763652980328, 0.006108677239716053, 0.006077135465294123, 0.006200658185780048, 0.006167841876298189, 0.0054078253529965875, 0.005176091302931308, 0.005148857992887497, 0.005112642792612314, 0.0050771600380539895, 0.0052726029127836225, 0.005045705031137914, 0.005067594141513109, 0.005138025987148285, 0.005115836703032255, 0.004943713834881782, 0.005046491331607103, 0.005026492141187191, 0.005005964365601539, 0.005080007716268301, 0.004912294915318489, 0.004955014289915562, 0.004980389406532049, 0.004903010179847479, 0.004954877336323262], "valid_acc": [44.77, 50.65, 53.67, 61.97, 67.04, 68.68, 67.84, 71.58, 74.84, 72.3, 72.79, 75.52, 77.49, 76.98, 73.46, 84.41, 85.83, 85.47, 85.95, 86.2, 86.14, 85.95, 86.18, 87.03, 87.24, 86.98, 86.79, 86.94, 86.79, 87.22, 88.89, 89.18, 89.02, 89.36, 89.32, 89.28, 89.37, 89.35, 89.24, 89.31, 89.61, 89.45, 89.41, 89.59, 89.42, 89.69, 89.81, 89.47, 89.81, 89.56]}