{"train_loss": [0.008670160933335622], "train_acc": [93.28833333333333], "valid_loss": [0.0008231025512330235], "valid_acc": [98.58]}