{"train_loss": [0.014451620645821095, 0.00847563334852457, 0.007643073604007562, 0.0073342836126685145, 0.007168739007910093, 0.007041647371153037, 0.0061595830286542575, 0.005831937674681345, 0.005668638533850511, 0.005488006346921126, 0.005424939591189225, 0.00527948248287042, 0.005115435100595156, 0.005037563190360864, 0.005012688298026721, 0.004977690326670806, 0.004974512487649917, 0.004956744374831517, 0.004929018716017405, 0.004927914358178774], "train_acc": [94.04833333333333, 98.26833333333333, 98.40666666666667, 98.315, 98.33833333333334, 98.39666666666666, 99.10166666666667, 99.26, 99.26, 99.335, 99.21833333333333, 99.29, 99.375, 99.435, 99.465, 99.49666666666667, 99.45166666666667, 99.425, 99.45833333333333, 99.46833333333333], "valid_loss": [0.0010580570705235005, 0.0009491900272667408, 0.00066181495860219, 0.0009140176255255937, 0.0012994658313691615, 0.0009020183112472296, 0.00034809310175478456, 0.0003396182846277952, 0.00037404960747808216, 0.0003458746980875731, 0.00038374811001121997, 0.00043988120499998334, 0.0002953623350709677, 0.00029901220835745334, 0.00029891002122312785, 0.00030617684833705427, 0.00030680095665156843, 0.00029734619054943326, 0.0002971869962289929, 0.0002954589415341616], "valid_acc": [98.15, 98.13, 98.83, 98.31, 97.5, 98.64, 99.36, 99.41, 99.31, 99.39, 99.34, 99.26, 99.46, 99.44, 99.44, 99.45, 99.36, 99.48, 99.4, 99.49]}