{"train_loss": [0.09239945653915406, 0.06722105767250061, 0.05761176470756531, 0.05284762564182281, 0.04921235660791397, 0.04705003740072251, 0.044776509387493134, 0.03962382302045822, 0.03796804319143295, 0.037150528585910794, 0.036606318349838254, 0.035842984294891356, 0.035696793847084046, 0.03503562002658844, 0.034896663379669186, 0.034284423468112946, 0.03424313235521317, 0.03473977538585663, 0.03406812057495117, 0.03406076357126236, 0.03413969841957092, 0.03389957540512085, 0.03412564260959625, 0.03394714482069015, 0.03398855290651322], "train_acc": [48.668, 64.93, 70.878, 74.158, 76.404, 77.656, 79.08, 82.128, 83.154, 83.572, 83.772, 84.202, 84.29, 84.556, 84.728, 85.146, 85.046, 84.708, 85.092, 85.322, 85.102, 85.232, 85.148, 85.15, 85.132], "valid_loss": [0.023389384442567825, 0.015061058586835862, 0.01346441400051117, 0.01056462307870388, 0.010035835453867912, 0.009584737068414688, 0.00877183205485344, 0.007629844562709332, 0.007365035572648049, 0.007319854755699635, 0.0072076855763792995, 0.007159466035664082, 0.007099035748839379, 0.007091042844951153, 0.007004680667817593, 0.006979950451850891, 0.007039736771583557, 0.00709754759222269, 0.007062591999769211, 0.007018645098805428, 0.006890803385525942, 0.0069365701995790004, 0.006928716319799424, 0.006953702034056187, 0.006896475329995155], "valid_acc": [54.92, 67.27, 71.13, 77.44, 78.09, 79.5, 81.34, 83.67, 84.12, 84.46, 84.47, 84.65, 84.68, 84.88, 85.29, 85.41, 85.37, 85.1, 85.21, 85.04, 85.41, 85.42, 85.49, 85.35, 85.61]}