{"train_loss": [0.11494857113838196, 0.1001768277645111, 0.09323863472938537, 0.0883303509235382, 0.08409738170623779, 0.08092917768478393, 0.07814561697483063, 0.07322999089717865, 0.07183176589012145, 0.0712924602842331, 0.07040567125797272, 0.07006841251373291, 0.06964250795841218, 0.06971864572525024, 0.06905360561370849, 0.0685099520778656, 0.06866302085876465, 0.06835338477611541, 0.068619875664711, 0.06886163841724396, 0.06827770815849304, 0.06841886167049407, 0.06774898356437684, 0.06863794931411743, 0.06828122958183289], "train_acc": [34.616, 44.376, 48.858, 52.234, 54.834, 56.542, 58.38, 61.438, 62.368, 62.626, 63.042, 63.268, 63.568, 63.494, 63.984, 63.994, 64.1, 64.26, 64.462, 63.752, 64.48, 64.408, 64.766, 64.186, 64.048], "valid_loss": [0.023302879190444947, 0.021011919450759888, 0.018565895307064057, 0.01656706039905548, 0.01575279329419136, 0.014823232251405716, 0.014827375096082687, 0.012801871201395988, 0.012493938839435578, 0.012129217702150344, 0.012180956330895424, 0.012001344639062881, 0.011763519164919854, 0.01182076694071293, 0.011729332104325295, 0.011851683565974236, 0.011799750006198883, 0.01180149763226509, 0.011666202878952026, 0.011604560139775276, 0.011440352579951286, 0.011641548177599907, 0.011684929305315018, 0.011500925502181052, 0.01172225715816021], "valid_acc": [45.39, 52.82, 57.84, 63.04, 66.13, 67.05, 68.31, 72.45, 73.04, 73.63, 73.65, 73.67, 74.65, 74.88, 74.7, 74.51, 74.54, 74.58, 74.63, 74.95, 75.2, 75.0, 74.71, 75.0, 74.66]}