{"train_loss": [0.01360889775276184, 0.009083625674247742, 0.007557626304626465, 0.006242051658630371, 0.0062003446245193486, 0.005640090112686157, 0.004232714722156525, 0.0038280343198776245, 0.0033478687620162964, 0.00306473482131958, 0.0027735793828964233, 0.0025047438073158264, 0.0023599288487434387, 0.00225820013999939, 0.002001456844806671, 0.0018354577684402465, 0.0017682765090465545, 0.0016699387264251708, 0.0015503487586975098, 0.0014573031532764435, 0.0013674860906600953, 0.0013158994948863983, 0.001247789181470871, 0.0011941885101795196], "train_acc": [44.08, 64.262, 71.802, 77.07, 78.996, 80.766, 85.76, 87.31, 89.404, 90.434, 91.722, 92.87, 93.614, 93.938, 95.202, 95.97, 96.184, 96.77, 97.35, 97.764, 98.08, 98.354, 98.696, 98.944], "valid_loss": [0.002500502943992615, 0.002573327910900116, 0.0017723750710487366, 0.0017403891503810882, 0.002210685038566589, 0.001344669657945633, 0.001063789662718773, 0.0010376938730478286, 0.000800838851928711, 0.0009036374419927597, 0.0008130673795938492, 0.0007682871550321579, 0.0009008726954460144, 0.0007956699758768081, 0.0007069321841001511, 0.0007852415055036545, 0.0007342000097036362, 0.000753957810997963, 0.0007178185015916824, 0.0007610686928033829, 0.000694809603691101, 0.0007048344850540162, 0.000675183454155922, 0.0006694195449352265], "valid_acc": [54.71, 63.37, 72.46, 73.5, 71.1, 78.96, 82.72, 84.36, 86.91, 85.68, 87.4, 87.75, 86.79, 87.82, 89.07, 88.82, 89.44, 89.08, 89.85, 89.34, 90.41, 90.41, 90.82, 91.02], "lr_list": [0.0007, 0.00196460419158733, 0.0032292083831746607, 0.004493812574761991, 0.005758416766349321, 0.00699396645021645, 0.0066625270562770565, 0.006331087662337662, 0.005999648268398269, 0.005668208874458874, 0.005336769480519481, 0.0050053300865800865, 0.004673890692640693, 0.004342451298701299, 0.004011011904761904, 0.0036795725108225105, 0.003348133116883117, 0.003016693722943723, 0.0026852543290043296, 0.0023538149350649353, 0.002022375541125541, 0.0016909361471861475, 0.0013594967532467531, 0.0010280573593073597]}