{"train_loss": [0.06628581789970397], "train_acc": [52.09], "valid_loss": [0.017661063235998153], "valid_acc": [58.46]}